{"unitsPerEm":512,"copyright":"Copyright (c) Font Awesome","url":"https://fontawesome.com","description":"The web's most popular icon set and toolkit.","fileType":2,"version":"6.3.0","fontFamily":"Font Awesome 6 Free","fontStyle":"Solid","fontWeight":900,"unicodes":["0","21","23","24","25","2a","2b","30","31","32","33","34","35","36","37","38","39","3c","3d","3e","3f","40","41","42","43","44","45","46","47","48","49","4a","4b","4c","4d","4e","4f","50","51","52","53","54","55","56","57","58","59","5a","e005","e006","e00d","e012","e03f","e040","e041","e059","e05a","e05b","e05c","e05d","e05e","e05f","e060","e061","e062","e063","e064","e065","e066","e067","e068","e069","e06a","e06b","e06c","e06d","e06e","e06f","e070","e071","e072","e073","e074","e075","e076","e085","e086","e097","e098","e09a","e0a9","e0ac","e0b4","e0b7","e0bb","e0d8","e0df","e0e3","e0e4","e131","e139","e13a","e13b","e13c","e140","e152","e163","e169","e16d","e17b","e184","e185","e18f","e19a","e19b","e1a8","e1b0","e1bc","e1c4","e1c8","e1d3","e1d5","e1d7","e1ed","e1f3","e1f6","e1fe","e209","e221","e222","e22d","e23d","e289","e29c","e2b7","e2bb","e2c5","e2ca","e2cd","e2ce","e2e6","e2eb","e31e","e3af","e3b1","e3b2","e3f5","e43c","e445","e447","e448","e46c","e473","e476","e477","e47a","e47b","e490","e494","e4a5","e4a8","e4a9","e4aa","e4ab","e4ac","e4ad","e4af","e4b0","e4b3","e4b5","e4b6","e4b7","e4b8","e4b9","e4ba","e4bb","e4bc","e4bd","e4be","e4bf","e4c0","e4c1","e4c2","e4c3","e4c4","e4c5","e4c6","e4c7","e4c8","e4c9","e4ca","e4cb","e4cc","e4ce","e4cf","e4d0","e4d1","e4d2","e4d3","e4d4","e4d5","e4d6","e4d7","e4d8","e4d9","e4da","e4db","e4dc","e4dd","e4de","e4e0","e4e1","e4e2","e4e3","e4e4","e4e5","e4e6","e4e8","e4e9","e4ea","e4eb","e4ed","e4ef","e4f0","e4f1","e4f2","e4f3","e4f4","e4f5","e4f6","e4f7","e4f8","e4f9","e4fa","e4fb","e4fc","e4fd","e4fe","e4ff","e500","e501","e502","e503","e507","e508","e509","e50a","e50b","e50c","e50d","e50e","e50f","e510","e511","e512","e513","e514","e515","e516","e517","e518","e519","e51a","e51b","e51c","e51d","e51e","e51f","e520","e521","e522","e523","e524","e525","e527","e528","e529","e52a","e52b","e52c","e52d","e52e","e52f","e532","e533","e534","e535","e536","e537","e538","e539","e53a","e53b","e53c","e53d","e53e","e53f","e540","e541","e542","e543","e544","e545","e546","e547","e548","e549","e54a","e54b","e54c","e54d","e54e","e54f","e551","e552","e553","e554","e555","e556","e557","e558","e55a","e55b","e55c","e55d","e55e","e55f","e560","e561","e562","e563","e564","e565","e566","e567","e568","e569","e56a","e56b","e56c","e56d","e56e","e56f","e571","e572","e573","e574","e576","e577","e578","e579","e57a","e57b","e57c","e57d","e57e","e57f","e580","e581","e582","e583","e584","e585","e586","e587","e589","e58a","e58b","e58c","e58d","e58e","e58f","e591","e592","e593","e594","e595","e596","e597","e598","e599","e59a","e59c","e59d","e5a0","e5a1","e5a9","e5aa","e5af","e5b4","f000","f001","f002","f004","f005","f007","f008","f009","f00a","f00b","f00c","f00d","f00e","f010","f011","f012","f013","f015","f017","f018","f019","f01c","f01e","f021","f022","f023","f024","f025","f026","f027","f028","f029","f02a","f02b","f02c","f02d","f02e","f02f","f030","f031","f032","f033","f034","f035","f036","f037","f038","f039","f03a","f03b","f03c","f03d","f03e","f041","f042","f043","f044","f047","f048","f049","f04a","f04b","f04c","f04d","f04e","f050","f051","f052","f053","f054","f055","f056","f057","f058","f059","f05a","f05b","f05e","f060","f061","f062","f063","f064","f065","f066","f068","f06a","f06b","f06c","f06d","f06e","f070","f071","f072","f073","f074","f075","f076","f077","f078","f079","f07a","f07b","f07c","f07d","f07e","f080","f083","f084","f085","f086","f089","f08b","f08d","f08e","f090","f091","f093","f094","f095","f098","f09c","f09d","f09e","f0a0","f0a1","f0a3","f0a4","f0a5","f0a6","f0a7","f0a8","f0a9","f0aa","f0ab","f0ac","f0ad","f0ae","f0b0","f0b1","f0b2","f0c0","f0c1","f0c2","f0c3","f0c4","f0c5","f0c6","f0c7","f0c8","f0c9","f0ca","f0cb","f0cc","f0cd","f0ce","f0d0","f0d1","f0d6","f0d7","f0d8","f0d9","f0da","f0db","f0dc","f0dd","f0de","f0e0","f0e2","f0e3","f0e7","f0e8","f0e9","f0ea","f0eb","f0ec","f0ed","f0ee","f0f0","f0f1","f0f2","f0f3","f0f4","f0f8","f0f9","f0fa","f0fb","f0fc","f0fd","f0fe","f100","f101","f102","f103","f104","f105","f106","f107","f109","f10a","f10b","f10d","f10e","f110","f111","f118","f119","f11a","f11b","f11c","f11e","f120","f121","f122","f124","f125","f126","f127","f129","f12b","f12c","f12d","f12e","f130","f131","f132","f133","f134","f135","f137","f138","f139","f13a","f13d","f13e","f140","f141","f142","f143","f144","f145","f146","f148","f149","f14a","f14b","f14c","f14d","f14e","f150","f151","f152","f153","f154","f156","f157","f158","f159","f15b","f15c","f15d","f15e","f160","f161","f162","f163","f164","f165","f175","f176","f177","f178","f182","f183","f185","f186","f187","f188","f191","f192","f193","f195","f197","f199","f19c","f19d","f1ab","f1ac","f1ad","f1ae","f1b0","f1b2","f1b3","f1b8","f1b9","f1ba","f1bb","f1c0","f1c1","f1c2","f1c3","f1c4","f1c5","f1c6","f1c7","f1c8","f1c9","f1cd","f1ce","f1d8","f1da","f1dc","f1dd","f1de","f1e0","f1e1","f1e2","f1e3","f1e4","f1e5","f1e6","f1ea","f1eb","f1ec","f1f6","f1f8","f1f9","f1fb","f1fc","f1fd","f1fe","f200","f201","f204","f205","f206","f207","f20a","f20b","f217","f218","f219","f21a","f21b","f21c","f21d","f21e","f221","f222","f223","f224","f225","f226","f227","f228","f229","f22a","f22b","f22c","f22d","f233","f234","f235","f236","f238","f239","f240","f241","f242","f243","f244","f245","f246","f247","f248","f249","f24d","f24e","f251","f252","f253","f254","f255","f256","f257","f258","f259","f25a","f25b","f25c","f25d","f26c","f271","f272","f273","f274","f275","f276","f277","f279","f27a","f28b","f28d","f290","f291","f29a","f29d","f29e","f2a0","f2a1","f2a2","f2a3","f2a4","f2a7","f2a8","f2b4","f2b5","f2b6","f2b9","f2bb","f2bd","f2c1","f2c2","f2c7","f2c8","f2c9","f2ca","f2cb","f2cc","f2cd","f2ce","f2d0","f2d1","f2d2","f2d3","f2db","f2dc","f2e5","f2e7","f2ea","f2ed","f2f1","f2f2","f2f5","f2f6","f2f9","f2fe","f302","f303","f304","f305","f309","f30a","f30b","f30c","f31c","f31e","f328","f337","f338","f358","f359","f35a","f35b","f35d","f360","f362","f363","f386","f387","f390","f3a5","f3be","f3bf","f3c1","f3c5","f3c9","f3cd","f3ce","f3cf","f3d1","f3dd","f3e0","f3e5","f3ed","f3fa","f3fb","f3ff","f406","f410","f422","f424","f432","f433","f434","f436","f439","f43a","f43c","f43f","f441","f443","f445","f447","f44b","f44e","f450","f453","f458","f45c","f45d","f45f","f461","f462","f466","f468","f469","f46a","f46b","f46c","f46d","f470","f471","f472","f474","f477","f478","f479","f47e","f47f","f481","f482","f484","f485","f486","f487","f48b","f48d","f48e","f490","f491","f492","f493","f494","f496","f497","f49e","f4ad","f4b3","f4b8","f4b9","f4ba","f4bd","f4be","f4c0","f4c1","f4c2","f4c4","f4c6","f4cd","f4ce","f4d3","f4d6","f4d7","f4d8","f4d9","f4da","f4db","f4de","f4df","f4e2","f4e3","f4fa","f4fb","f4fc","f4fd","f4fe","f4ff","f500","f501","f502","f503","f504","f505","f506","f507","f508","f509","f515","f516","f517","f518","f519","f51a","f51b","f51c","f51d","f51e","f51f","f520","f521","f522","f523","f524","f525","f526","f527","f528","f529","f52a","f52b","f52d","f52e","f52f","f530","f532","f533","f534","f535","f537","f538","f539","f53a","f53b","f53c","f53d","f53e","f53f","f540","f542","f543","f544","f545","f546","f547","f548","f549","f54a","f54b","f54c","f54d","f54e","f54f","f550","f551","f552","f553","f554","f555","f556","f557","f558","f559","f55a","f55b","f55c","f55d","f55e","f55f","f560","f561","f562","f563","f564","f565","f566","f567","f568","f569","f56a","f56b","f56c","f56d","f56e","f56f","f570","f571","f572","f573","f574","f575","f576","f577","f578","f579","f57a","f57b","f57c","f57d","f57e","f57f","f580","f581","f582","f583","f584","f585","f586","f587","f588","f589","f58a","f58b","f58c","f58d","f58e","f58f","f590","f591","f593","f594","f595","f596","f597","f598","f599","f59a","f59b","f59c","f59d","f59f","f5a0","f5a1","f5a2","f5a4","f5a5","f5a6","f5a7","f5aa","f5ab","f5ac","f5ad","f5ae","f5af","f5b0","f5b1","f5b3","f5b4","f5b6","f5b7","f5b8","f5ba","f5bb","f5bc","f5bd","f5bf","f5c0","f5c1","f5c2","f5c3","f5c4","f5c5","f5c7","f5c8","f5c9","f5ca","f5cb","f5cd","f5ce","f5d0","f5d1","f5d2","f5d7","f5da","f5dc","f5de","f5df","f5e1","f5e4","f5e7","f5eb","f5ee","f5fc","f5fd","f601","f604","f610","f613","f619","f61f","f621","f624","f625","f629","f62a","f62e","f62f","f630","f637","f63b","f63c","f641","f644","f647","f64a","f64f","f651","f653","f654","f655","f658","f65d","f65e","f662","f664","f665","f666","f669","f66a","f66b","f66d","f66f","f674","f676","f678","f679","f67b","f67c","f67f","f681","f682","f683","f684","f687","f688","f689","f696","f698","f699","f69a","f69b","f6a0","f6a1","f6a7","f6a9","f6ad","f6b6","f6b7","f6bb","f6be","f6c0","f6c3","f6c4","f6c8","f6cf","f6d1","f6d3","f6d5","f6d7","f6d9","f6dd","f6de","f6e2","f6e3","f6e6","f6e8","f6ec","f6ed","f6f0","f6f1","f6f2","f6fa","f6fc","f6ff","f700","f70b","f70c","f70e","f714","f715","f717","f71e","f722","f728","f729","f72b","f72e","f72f","f73b","f73c","f73d","f740","f743","f747","f74d","f751","f752","f753","f756","f75a","f75b","f75e","f75f","f769","f76b","f76c","f76f","f770","f772","f773","f77c","f77d","f780","f781","f783","f784","f786","f787","f788","f78c","f793","f794","f796","f79c","f79f","f7a0","f7a2","f7a4","f7a5","f7a6","f7a9","f7aa","f7ab","f7ad","f7ae","f7b5","f7b6","f7b9","f7ba","f7bd","f7bf","f7c0","f7c2","f7c4","f7c5","f7c9","f7ca","f7cc","f7cd","f7ce","f7d0","f7d2","f7d7","f7d8","f7d9","f7da","f7e4","f7e5","f7e6","f7ec","f7ef","f7f2","f7f3","f7f5","f7f7","f7fa","f7fb","f802","f805","f806","f807","f80d","f80f","f810","f812","f815","f816","f818","f81d","f827","f828","f829","f82a","f82f","f83e","f84a","f84c","f850","f853","f85e","f863","f86d","f879","f87b","f87c","f87d","f881","f882","f884","f885","f886","f887","f891","f897","f8c0","f8c1","f8cc","f8d7","f8d9","f8ef","f8ff"],"unicodeAliases":{"21":{"0":[10069,10071,61738]},"23":{"0":[62098]},"24":{"0":[128178,61781]},"25":{"0":[62101,62785]},"40":{"0":[61946]},"41":{"0":[97]},"42":{"0":[98]},"43":{"0":[99]},"44":{"0":[100]},"45":{"0":[101]},"46":{"0":[102]},"47":{"0":[103]},"48":{"0":[104]},"49":{"0":[105]},"50":{"0":[112]},"51":{"0":[113]},"52":{"0":[114]},"53":{"0":[115]},"54":{"0":[116]},"55":{"0":[117]},"56":{"0":[118]},"57":{"0":[119]},"58":{"0":[120]},"59":{"0":[121]},"2a":{"0":[10033,61545]},"2b":{"0":[10133,61543]},"3c":{"0":[62774]},"3d":{"0":[62764]},"3e":{"0":[62769]},"3f":{"0":[10067,10068,61736]},"4a":{"0":[106]},"4b":{"0":[107]},"4c":{"0":[108]},"4d":{"0":[109]},"4e":{"0":[110]},"4f":{"0":[111]},"5a":{"0":[122]},"e006":{"0":[128688]},"e06e":{"0":[129532]},"e3af":{"0":[63499]},"e448":{"0":[129424]},"e494":{"0":[58606]},"e5b4":{"0":[128650]},"f001":{"0":[127925]},"f002":{"0":[128269]},"f004":{"0":[128153,128154,128155,128156,128420,129293,129294,129505,9829,10084,61578]},"f005":{"0":[11088,61446]},"f007":{"0":[128100,62144]},"f008":{"0":[127902]},"f00c":{"0":[10003,10004]},"f00d":{"0":[128473,10005,10006,10060,215]},"f011":{"0":[9211]},"f012":{"0":[128246]},"f013":{"0":[9881]},"f015":{"0":[127968,63498,63500]},"f017":{"0":[128339]},"f018":{"0":[128739]},"f01e":{"0":[8635]},"f021":{"0":[128472]},"f023":{"0":[128274]},"f024":{"0":[127988,61725]},"f025":{"0":[127911]},"f027":{"0":[128264]},"f028":{"0":[128266]},"f02b":{"0":[127991]},"f02d":{"0":[128212]},"f02e":{"0":[128278,61591]},"f02f":{"0":[128424,128438,9113]},"f030":{"0":[62258]},"f042":{"0":[9680]},"f043":{"0":[128167]},"f049":{"0":[9198]},"f04a":{"0":[9194]},"f04b":{"0":[9654]},"f04c":{"0":[9208]},"f04d":{"0":[9209]},"f04e":{"0":[9193]},"f050":{"0":[9197]},"f052":{"0":[9167]},"f053":{"0":[9001]},"f054":{"0":[9002]},"f057":{"0":[61532]},"f058":{"0":[61533]},"f059":{"0":[62108]},"f05e":{"0":[128683]},"f060":{"0":[8592]},"f061":{"0":[8594]},"f062":{"0":[8593]},"f063":{"0":[8595]},"f068":{"0":[8211,8722,10134]},"f06b":{"0":[127873]},"f06d":{"0":[128293]},"f06e":{"0":[128065]},"f071":{"0":[9888]},"f074":{"0":[128256]},"f075":{"0":[128489,61669]},"f076":{"0":[129522]},"f07a":{"0":[128722]},"f07b":{"0":[128193,128447,61716]},"f07c":{"0":[128194,128449,61717]},"f083":{"0":[128247]},"f084":{"0":[128273]},"f086":{"0":[128490,61670]},"f089":{"0":[61731]},"f08d":{"0":[128204,128392]},"f091":{"0":[127942]},"f094":{"0":[127819]},"f095":{"0":[128222,128379]},"f09c":{"0":[128275]},"f09d":{"0":[128179,62083]},"f0a0":{"0":[128436]},"f0a1":{"0":[128226,128363]},"f0a6":{"0":[9757]},"f0ac":{"0":[127760]},"f0ad":{"0":[128295]},"f0b1":{"0":[128188]},"f0c1":{"0":[128279]},"f0c2":{"0":[9729]},"f0c4":{"0":[9984,9986,9988]},"f0c6":{"0":[128206]},"f0c7":{"0":[128190,128426]},"f0c8":{"0":[9632,9723,9724,61590]},"f0d1":{"0":[128666,9951]},"f0e0":{"0":[128386,9993,61443]},"f0e2":{"0":[8634]},"f0e7":{"0":[9889]},"f0eb":{"0":[128161]},"f0ec":{"0":[8644]},"f0ed":{"0":[62337]},"f0ee":{"0":[62338]},"f0f1":{"0":[129658]},"f0f2":{"0":[129523]},"f0f3":{"0":[128276,61602]},"f0f8":{"0":[127973,62589]},"f0f9":{"0":[128657]},"f0fe":{"0":[61846]},"f100":{"0":[171]},"f101":{"0":[187]},"f104":{"0":[8249]},"f105":{"0":[8250]},"f106":{"0":[8963]},"f107":{"0":[8964]},"f109":{"0":[128187]},"f10d":{"0":[8220]},"f10e":{"0":[8221]},"f111":{"0":[128308,128309,128992,128993,128994,128995,128996,9679,9898,9899,11044,61708,61915]},"f118":{"0":[128578]},"f119":{"0":[9785]},"f11a":{"0":[128528]},"f11c":{"0":[9000]},"f11e":{"0":[127937]},"f12e":{"0":[129513]},"f132":{"0":[128737]},"f133":{"0":[128197,128198]},"f134":{"0":[129519]},"f13d":{"0":[9875]},"f144":{"0":[61469]},"f145":{"0":[127903]},"f146":{"0":[61767]},"f14a":{"0":[9745,9989,61510]},"f14d":{"0":[61509]},"f14e":{"0":[129517]},"f153":{"0":[8364]},"f154":{"0":[163]},"f156":{"0":[8360]},"f157":{"0":[165]},"f158":{"0":[8381]},"f159":{"0":[8361]},"f15b":{"0":[128196,128459,61462]},"f15c":{"0":[128441,128462,61686]},"f164":{"0":[128077,61575]},"f165":{"0":[128078,61576]},"f183":{"0":[129485]},"f185":{"0":[9728]},"f186":{"0":[127769,9214]},"f192":{"0":[128280]},"f195":{"0":[8356]},"f19d":{"0":[127891]},"f1ac":{"0":[128224,128439]},"f1ad":{"0":[127970,61687]},"f1b8":{"0":[9842,9850,9851]},"f1b9":{"0":[128664]},"f1ba":{"0":[128662]},"f1bb":{"0":[127794]},"f1c5":{"0":[128443]},"f1d8":{"0":[61913]},"f1dd":{"0":[182]},"f1e2":{"0":[128163]},"f1e3":{"0":[9917]},"f1e6":{"0":[128268]},"f1ea":{"0":[128240]},"f1ec":{"0":[128425]},"f1f6":{"0":[128277,61943]},"f1f9":{"0":[169]},"f1fc":{"0":[128396]},"f1fd":{"0":[127874]},"f206":{"0":[128690]},"f207":{"0":[128653]},"f20b":{"0":[8362]},"f219":{"0":[9830]},"f21a":{"0":[128674]},"f21b":{"0":[128373]},"f21c":{"0":[127949]},"f221":{"0":[9792]},"f222":{"0":[9794]},"f223":{"0":[9791]},"f224":{"0":[9893]},"f225":{"0":[9895]},"f226":{"0":[9890]},"f227":{"0":[9891]},"f228":{"0":[9892]},"f229":{"0":[9894]},"f22a":{"0":[9896]},"f22b":{"0":[9897]},"f22c":{"0":[9906]},"f236":{"0":[128716]},"f238":{"0":[128646]},"f240":{"0":[128267]},"f249":{"0":[62026]},"f24e":{"0":[9878]},"f253":{"0":[8987]},"f254":{"0":[9203,62032]},"f256":{"0":[129306,9995]},"f259":{"0":[128406]},"f25b":{"0":[9996]},"f25c":{"0":[8482]},"f25d":{"0":[174]},"f26c":{"0":[63717]},"f276":{"0":[128205]},"f279":{"0":[128506,62072]},"f28b":{"0":[62092]},"f28d":{"0":[62094]},"f2b4":{"0":[62501,62694]},"f2b6":{"0":[62135]},"f2b9":{"0":[62138]},"f2bb":{"0":[62140]},"f2bd":{"0":[62142]},"f2c2":{"0":[62147]},"f2c9":{"0":[127777]},"f2cc":{"0":[128703]},"f2cd":{"0":[128705]},"f2d0":{"0":[128470]},"f2d1":{"0":[128469]},"f2d3":{"0":[10062]},"f2dc":{"0":[10052,10054]},"f2e5":{"0":[129348,61873]},"f2e7":{"0":[127860,61685]},"f2ed":{"0":[61460]},"f2f1":{"0":[128260]},"f2f2":{"0":[9201]},"f2fe":{"0":[128169]},"f303":{"0":[9999,61504]},"f304":{"0":[128394]},"f31c":{"0":[128221]},"f328":{"0":[128203]},"f337":{"0":[8596]},"f338":{"0":[8597,11021]},"f358":{"0":[61466]},"f359":{"0":[61840]},"f35a":{"0":[61838]},"f35b":{"0":[61467]},"f360":{"0":[8599]},"f363":{"0":[128257]},"f390":{"0":[128421,61704]},"f3a5":{"0":[128142]},"f3be":{"0":[10549]},"f3bf":{"0":[10548]},"f3c9":{"0":[127897]},"f3ce":{"0":[128241]},"f3e5":{"0":[61714]},"f410":{"0":[62164]},"f433":{"0":[129358,9918]},"f434":{"0":[127936]},"f43a":{"0":[9821]},"f43f":{"0":[9818]},"f441":{"0":[9822]},"f443":{"0":[9823]},"f445":{"0":[9819]},"f447":{"0":[9820]},"f44e":{"0":[127944]},"f45c":{"0":[128997,128998,128999,129000,129001,129002,129003,11035,11036]},"f45d":{"0":[127955]},"f45f":{"0":[127952]},"f462":{"0":[129657]},"f466":{"0":[128230]},"f468":{"0":[62625]},"f471":{"0":[129516]},"f47e":{"0":[9405]},"f48d":{"0":[128684]},"f48e":{"0":[128137]},"f492":{"0":[129514]},"f4ad":{"0":[128172,62075]},"f4ba":{"0":[128330]},"f4c6":{"0":[129309]},"f4d6":{"0":[127895]},"f4d8":{"0":[127793]},"f4da":{"0":[128521]},"f4e3":{"0":[127863]},"f500":{"0":[128101]},"f504":{"0":[129399]},"f518":{"0":[128214,128366]},"f51a":{"0":[129529]},"f51d":{"0":[9962]},"f51f":{"0":[128191,128192,128440]},"f521":{"0":[128081]},"f522":{"0":[127922]},"f523":{"0":[9860]},"f524":{"0":[9859]},"f525":{"0":[9856]},"f526":{"0":[9861]},"f527":{"0":[9858]},"f528":{"0":[9857]},"f529":{"0":[10135,247]},"f52a":{"0":[128682]},"f52d":{"0":[129718]},"f52f":{"0":[9981]},"f533":{"0":[128641]},"f534":{"0":[8734,9854]},"f53f":{"0":[127912]},"f540":{"0":[127359]},"f543":{"0":[129534]},"f544":{"0":[129302]},"f545":{"0":[128207]},"f549":{"0":[127979]},"f54a":{"0":[129691]},"f54c":{"0":[128128]},"f54d":{"0":[128685]},"f552":{"0":[129520]},"f553":{"0":[128085]},"f554":{"0":[128694]},"f556":{"0":[128544]},"f55a":{"0":[9003]},"f562":{"0":[128718]},"f563":{"0":[127850]},"f569":{"0":[129345]},"f578":{"0":[128031]},"f579":{"0":[128563]},"f57a":{"0":[128550]},"f57b":{"0":[127864]},"f57c":{"0":[127757]},"f57d":{"0":[127758]},"f57e":{"0":[127759]},"f57f":{"0":[128556]},"f580":{"0":[128512]},"f581":{"0":[128515]},"f582":{"0":[128516]},"f583":{"0":[128517]},"f584":{"0":[128525]},"f585":{"0":[128518]},"f586":{"0":[129315]},"f587":{"0":[129321]},"f588":{"0":[128514]},"f589":{"0":[128539]},"f58a":{"0":[128541]},"f58b":{"0":[128540]},"f594":{"0":[127976]},"f596":{"0":[128535]},"f597":{"0":[128537]},"f598":{"0":[128536]},"f59a":{"0":[128513]},"f5a2":{"0":[127941]},"f5a4":{"0":[128566]},"f5a5":{"0":[128580]},"f5ac":{"0":[128395,10002]},"f5ad":{"0":[10001]},"f5af":{"0":[128748]},"f5b0":{"0":[128747]},"f5b3":{"0":[128557]},"f5b4":{"0":[128546]},"f5b6":{"0":[128656]},"f5b8":{"0":[128522]},"f5c2":{"0":[128558]},"f5c4":{"0":[127946]},"f5c8":{"0":[128555]},"f5c9":{"0":[129463]},"f5ca":{"0":[127958]},"f5d1":{"0":[127822,127823]},"f5d2":{"0":[9883]},"f5d7":{"0":[129460]},"f5dc":{"0":[129504]},"f5e4":{"0":[128663]},"f604":{"0":[129729]},"f610":{"0":[128300]},"f625":{"0":[62461]},"f62a":{"0":[61668]},"f630":{"0":[127917]},"f637":{"0":[128678]},"f63c":{"0":[128763]},"f644":{"0":[9765]},"f64f":{"0":[127961]},"f654":{"0":[128327,10013]},"f655":{"0":[9784]},"f66b":{"0":[128331]},"f66d":{"0":[9772]},"f66f":{"0":[127963]},"f678":{"0":[128332]},"f679":{"0":[128329]},"f67c":{"0":[9774]},"f683":{"0":[128720]},"f696":{"0":[129510]},"f699":{"0":[9770]},"f69a":{"0":[10017]},"f69b":{"0":[128333]},"f6a1":{"0":[9961]},"f6ad":{"0":[9775]},"f6bb":{"0":[9978]},"f6be":{"0":[128008]},"f6c0":{"0":[129681]},"f6c4":{"0":[9925]},"f6c8":{"0":[128004]},"f6d3":{"0":[128021]},"f6d5":{"0":[128009]},"f6de":{"0":[9994]},"f6e2":{"0":[128123]},"f6e3":{"0":[128296]},"f6e6":{"0":[128334]},"f6ed":{"0":[129435]},"f6f0":{"0":[128014]},"f6f2":{"0":[8372]},"f6fc":{"0":[127956]},"f700":{"0":[129446]},"f70c":{"0":[127939]},"f70e":{"0":[128220]},"f714":{"0":[128369,9760]},"f717":{"0":[128375]},"f71e":{"0":[129531]},"f722":{"0":[128668]},"f73d":{"0":[127783,9926]},"f743":{"0":[127782]},"f753":{"0":[9732]},"f75b":{"0":[127752]},"f76c":{"0":[127785]},"f76f":{"0":[127786]},"f770":{"0":[127755]},"f780":{"0":[9763]},"f787":{"0":[129365]},"f79f":{"0":[129346]},"f7a0":{"0":[129347]},"f7a9":{"0":[128148]},"f7b6":{"0":[9749]},"f7ba":{"0":[9762]},"f7bf":{"0":[128752]},"f7c0":{"0":[128225]},"f7c9":{"0":[9975]},"f7ce":{"0":[127938]},"f7d0":{"0":[9731,9924]},"f7d7":{"0":[8376]},"f7d8":{"0":[128701]},"f7da":{"0":[128673,57551]},"f7e5":{"0":[129363]},"f7fb":{"0":[129370]},"f806":{"0":[128405]},"f80f":{"0":[127789]},"f810":{"0":[127848]},"f815":{"0":[128223]},"f816":{"0":[127798]},"f81d":{"0":[128176]},"f84a":{"0":[128692]},"f879":{"0":[128381]},"f8cc":{"0":[128433]},"f8d7":{"0":[128251]}},"usagePermissions":0}